{"stats":{"minecraft:used":{"minecraft:wheat_seeds":243,"minecraft:cobblestone_stairs":1,"minecraft:stone_pickaxe":65,"minecraft:polished_andesite":2,"minecraft:baked_potato":3,"minecraft:rotten_flesh":2,"minecraft:torch":11,"minecraft:dirt":17,"minecraft:crafting_table":3,"minecraft:apple":13,"minecraft:bread":3,"minecraft:stone_brick_stairs":1,"minecraft:stone_axe":11,"minecraft:sweet_berries":46,"minecraft:purple_bed":1,"minecraft:furnace":2,"minecraft:oak_sapling":1,"alexsmobs:animal_dictionary":2,"minecraft:wither_rose":1},"minecraft:crafted":{"biomesoplenty:umbran_planks":4,"biomesoplenty:dead_planks":4,"minecraft:oak_planks":4,"minecraft:crafting_table":1,"minecraft:spruce_planks":4,"minecraft:wooden_pickaxe":1,"minecraft:furnace":1,"minecraft:copper_ingot":9,"minecraft:stone_axe":1,"iceandfire:armor_copper_metal_boots":1,"minecraft:air":0,"iceandfire:armor_copper_metal_helmet":1,"minecraft:stick":8,"minecraft:torch":12},"minecraft:killed":{"minecraft:pig":2,"minecraft:sheep":1,"minecraft:zombie":1},"minecraft:mined":{"iceandfire:silver_ore":2,"minecraft:cobblestone_stairs":1,"minecraft:crafting_table":2,"minecraft:grass_block":1,"minecraft:rose_bush":1,"minecraft:copper_ore":16,"minecraft:cobblestone":1,"biomesoplenty:sprout":16,"minecraft:wall_torch":1,"minecraft:large_fern":2,"minecraft:tall_seagrass":1,"minecraft:purple_bed":1,"minecraft:furnace":1,"minecraft:wheat":94,"minecraft:sweet_berry_bush":8,"biomesoplenty:umbran_log":2,"minecraft:wither_rose":2,"minecraft:grass":5,"biomesoplenty:dead_log":1,"minecraft:coal_ore":16,"minecraft:oak_log":1,"minecraft:dirt_path":3,"minecraft:dirt":2,"minecraft:stone":26,"minecraft:oak_leaves":10},"minecraft:dropped":{"minecraft:sweet_berries":2,"minecraft:iron_nugget":1,"mca:book_romance":1},"minecraft:picked_up":{"minecraft:crafting_table":2,"minecraft:wheat":104,"minecraft:lilac":2,"minecraft:wooden_pickaxe":1,"biomesoplenty:dead_log":1,"minecraft:wither_rose":2,"minecraft:stone_brick_stairs":1,"minecraft:oak_log":1,"minecraft:cobblestone_stairs":1,"mca:book_romance":1,"minecraft:dirt":19,"minecraft:raw_copper":88,"minecraft:wheat_seeds":288,"minecraft:iron_ingot":7,"minecraft:stone_pickaxe":1,"minecraft:iron_pickaxe":1,"biomesoplenty:umbran_log":1,"minecraft:furnace":1,"hexerei:animal_fat":2,"minecraft:sweet_berries":46,"minecraft:torch":1,"iceandfire:silver_ore":2,"minecraft:porkchop":3,"minecraft:polished_andesite":2,"minecraft:rotten_flesh":2,"minecraft:arrow":2,"minecraft:purple_bed":1,"minecraft:bone_meal":6,"minecraft:emerald":1,"minecraft:baked_potato":4,"minecraft:mutton":1,"minecraft:coal":17,"minecraft:cobblestone":27},"minecraft:custom":{"minecraft:interact_with_furnace":11,"minecraft:mob_kills":4,"minecraft:interact_with_crafting_table":5,"minecraft:open_barrel":4,"minecraft:interact_with_campfire":4,"minecraft:eat_cake_slice":1,"minecraft:interact_with_stonecutter":1,"minecraft:leave_game":1,"minecraft:time_since_death":51532,"minecraft:sleep_in_bed":4,"minecraft:climb_one_cm":654,"minecraft:time_since_rest":18923,"minecraft:waystone_activated":2,"minecraft:sprint_one_cm":127023,"minecraft:damage_taken":991,"minecraft:walk_one_cm":154409,"minecraft:drop":4,"minecraft:damage_dealt":494,"minecraft:swim_one_cm":4700,"minecraft:fly_one_cm":217772,"minecraft:open_chest":12,"minecraft:crouch_one_cm":2152,"minecraft:play_time":51532,"tombstone:undead_killed":1,"minecraft:sneak_time":757,"minecraft:walk_under_water_one_cm":2337,"minecraft:jump":1083,"minecraft:walk_on_water_one_cm":6353,"minecraft:total_world_time":51532,"minecraft:fall_one_cm":42018}},"DataVersion":3120}