{"stats":{"minecraft:dropped":{"minecraft:sweet_berries":2,"mca:book_romance":1},"minecraft:picked_up":{"minecraft:polished_andesite":2,"minecraft:sweet_berries":18,"minecraft:wheat_seeds":1,"minecraft:wither_rose":2,"minecraft:stone_brick_stairs":1,"mca:book_romance":1,"biomesoplenty:umbran_log":1,"minecraft:dirt":12},"minecraft:mined":{"minecraft:sweet_berry_bush":1,"minecraft:oak_leaves":1,"biomesoplenty:umbran_log":2,"minecraft:wither_rose":2},"minecraft:used":{"minecraft:apple":2,"minecraft:dirt":12,"minecraft:sweet_berries":16,"minecraft:bread":1,"minecraft:polished_andesite":2,"minecraft:wither_rose":1,"alexsmobs:animal_dictionary":1},"minecraft:custom":{"minecraft:open_barrel":3,"minecraft:time_since_rest":1847,"minecraft:open_chest":2,"minecraft:waystone_activated":1,"minecraft:crouch_one_cm":421,"minecraft:play_time":14324,"minecraft:sprint_one_cm":13352,"minecraft:damage_taken":300,"minecraft:walk_one_cm":29901,"minecraft:sneak_time":109,"minecraft:drop":3,"minecraft:jump":172,"minecraft:time_since_death":14324,"minecraft:sleep_in_bed":3,"minecraft:total_world_time":14324,"minecraft:climb_one_cm":441,"minecraft:interact_with_crafting_table":1,"minecraft:fall_one_cm":6862,"minecraft:fly_one_cm":17800},"minecraft:crafted":{"biomesoplenty:umbran_planks":4,"minecraft:spruce_planks":4,"minecraft:stick":4,"minecraft:wooden_pickaxe":1}},"DataVersion":3120}