{"stats":{"minecraft:dropped":{"minecraft:sweet_berries":2,"mca:book_romance":1},"minecraft:killed":{"minecraft:zombie":1},"minecraft:picked_up":{"minecraft:crafting_table":2,"minecraft:wheat":88,"minecraft:lilac":2,"minecraft:wooden_pickaxe":1,"biomesoplenty:dead_log":1,"minecraft:wither_rose":2,"minecraft:stone_brick_stairs":1,"minecraft:oak_log":1,"minecraft:cobblestone_stairs":1,"mca:book_romance":1,"minecraft:dirt":18,"minecraft:raw_copper":88,"minecraft:wheat_seeds":246,"minecraft:stone_pickaxe":1,"minecraft:iron_ingot":7,"biomesoplenty:umbran_log":1,"minecraft:furnace":1,"minecraft:sweet_berries":46,"minecraft:torch":1,"iceandfire:silver_ore":2,"minecraft:polished_andesite":2,"minecraft:rotten_flesh":2,"minecraft:arrow":2,"minecraft:purple_bed":1,"minecraft:bone_meal":1,"minecraft:baked_potato":4,"minecraft:coal":16,"minecraft:cobblestone":26},"minecraft:mined":{"iceandfire:silver_ore":2,"minecraft:cobblestone_stairs":1,"minecraft:crafting_table":2,"minecraft:grass_block":1,"minecraft:rose_bush":1,"minecraft:cobblestone":1,"minecraft:copper_ore":16,"biomesoplenty:sprout":16,"minecraft:wall_torch":1,"minecraft:large_fern":2,"minecraft:purple_bed":1,"minecraft:furnace":1,"minecraft:wheat":79,"minecraft:sweet_berry_bush":8,"biomesoplenty:umbran_log":2,"minecraft:wither_rose":2,"minecraft:grass":5,"biomesoplenty:dead_log":1,"minecraft:coal_ore":15,"minecraft:oak_log":1,"minecraft:dirt_path":3,"minecraft:dirt":2,"minecraft:stone":25,"minecraft:oak_leaves":8},"minecraft:used":{"minecraft:wheat_seeds":90,"minecraft:cobblestone_stairs":1,"minecraft:stone_pickaxe":63,"minecraft:polished_andesite":2,"minecraft:baked_potato":3,"minecraft:rotten_flesh":2,"minecraft:torch":10,"minecraft:dirt":17,"minecraft:crafting_table":3,"minecraft:apple":4,"minecraft:bread":3,"minecraft:stone_brick_stairs":1,"minecraft:stone_axe":6,"minecraft:purple_bed":1,"minecraft:sweet_berries":36,"minecraft:oak_sapling":1,"minecraft:furnace":2,"minecraft:wither_rose":1,"alexsmobs:animal_dictionary":2},"minecraft:custom":{"minecraft:interact_with_furnace":11,"minecraft:mob_kills":1,"minecraft:interact_with_crafting_table":5,"minecraft:open_barrel":4,"minecraft:interact_with_campfire":4,"minecraft:interact_with_stonecutter":1,"minecraft:time_since_death":38324,"minecraft:sleep_in_bed":4,"minecraft:climb_one_cm":654,"minecraft:time_since_rest":5715,"minecraft:waystone_activated":2,"minecraft:sprint_one_cm":70447,"minecraft:damage_taken":742,"minecraft:walk_one_cm":117985,"minecraft:drop":3,"minecraft:damage_dealt":200,"minecraft:fly_one_cm":109190,"minecraft:open_chest":8,"minecraft:crouch_one_cm":1555,"minecraft:play_time":38324,"tombstone:undead_killed":1,"minecraft:sneak_time":564,"minecraft:jump":661,"minecraft:walk_on_water_one_cm":1056,"minecraft:total_world_time":38324,"minecraft:fall_one_cm":25050},"minecraft:crafted":{"biomesoplenty:umbran_planks":4,"biomesoplenty:dead_planks":4,"minecraft:oak_planks":4,"minecraft:crafting_table":1,"minecraft:spruce_planks":4,"minecraft:wooden_pickaxe":1,"minecraft:furnace":1,"minecraft:copper_ingot":9,"minecraft:stone_axe":1,"iceandfire:armor_copper_metal_boots":1,"minecraft:air":0,"iceandfire:armor_copper_metal_helmet":1,"minecraft:stick":8,"minecraft:torch":12}},"DataVersion":3120}