{"stats":{"minecraft:dropped":{"minecraft:sweet_berries":2,"mca:book_romance":1},"minecraft:picked_up":{"minecraft:crafting_table":1,"minecraft:sweet_berries":29,"minecraft:torch":1,"minecraft:wooden_pickaxe":1,"biomesoplenty:dead_log":1,"iceandfire:silver_ore":2,"minecraft:wither_rose":2,"minecraft:stone_brick_stairs":1,"minecraft:oak_log":1,"mca:book_romance":1,"minecraft:dirt":18,"minecraft:raw_copper":7,"minecraft:polished_andesite":2,"minecraft:arrow":2,"minecraft:wheat_seeds":1,"minecraft:stone_pickaxe":1,"minecraft:baked_potato":4,"minecraft:coal":12,"biomesoplenty:umbran_log":1,"minecraft:cobblestone":25},"minecraft:mined":{"minecraft:large_fern":1,"iceandfire:silver_ore":2,"minecraft:sweet_berry_bush":4,"biomesoplenty:umbran_log":2,"minecraft:crafting_table":1,"minecraft:wither_rose":2,"biomesoplenty:dead_log":1,"minecraft:oak_log":1,"minecraft:grass_block":1,"minecraft:coal_ore":12,"minecraft:dirt_path":3,"minecraft:rose_bush":1,"minecraft:dirt":2,"minecraft:copper_ore":2,"biomesoplenty:sprout":3,"minecraft:stone":25,"minecraft:oak_leaves":7,"minecraft:wall_torch":1},"minecraft:used":{"minecraft:apple":4,"minecraft:polished_andesite":2,"minecraft:bread":3,"minecraft:stone_pickaxe":43,"minecraft:baked_potato":1,"minecraft:stone_brick_stairs":1,"minecraft:torch":3,"minecraft:stone_axe":2,"minecraft:dirt":17,"minecraft:crafting_table":1,"minecraft:sweet_berries":21,"minecraft:oak_sapling":1,"alexsmobs:animal_dictionary":1,"minecraft:wither_rose":1},"minecraft:custom":{"minecraft:time_since_rest":13847,"minecraft:waystone_activated":2,"minecraft:sprint_one_cm":44837,"minecraft:damage_taken":510,"minecraft:walk_one_cm":64054,"minecraft:drop":3,"minecraft:interact_with_crafting_table":2,"minecraft:fly_one_cm":71344,"minecraft:open_barrel":4,"minecraft:open_chest":3,"minecraft:crouch_one_cm":1232,"minecraft:play_time":26324,"minecraft:interact_with_campfire":4,"minecraft:sneak_time":478,"minecraft:jump":452,"minecraft:interact_with_stonecutter":1,"minecraft:walk_on_water_one_cm":1056,"minecraft:time_since_death":26324,"minecraft:sleep_in_bed":3,"minecraft:climb_one_cm":441,"minecraft:total_world_time":26324,"minecraft:fall_one_cm":18581},"minecraft:crafted":{"biomesoplenty:umbran_planks":4,"biomesoplenty:dead_planks":4,"minecraft:oak_planks":4,"minecraft:crafting_table":1,"minecraft:spruce_planks":4,"minecraft:stick":8,"minecraft:wooden_pickaxe":1,"minecraft:torch":4,"minecraft:stone_axe":1}},"DataVersion":3120}