{"stats":{"minecraft:dropped":{"hexerei:sage_seed":1,"minecraft:wheat_seeds":1,"minecraft:flint":1,"mca:book_romance":1,"tombstone:grave_key":1,"tombstone:grave_dust":2,"minecraft:stone_pickaxe":2,"minecraft:wooden_pickaxe":1},"minecraft:killed":{"minecraft:skeleton":3},"minecraft:picked_up":{"minecraft:crafting_table":2,"ars_nouveau:pierce_arrow":16,"biomesoplenty:fir_log":12,"paraglider:spirit_orb":2,"minecraft:flint":1,"mca:book_romance":1,"minecraft:string":3,"minecraft:lantern":1,"minecraft:bone":6,"minecraft:sea_pickle":2,"minecraft:bow":1,"minecraft:wheat_seeds":1,"minecraft:iron_ingot":6,"minecraft:stone_pickaxe":1,"minecraft:furnace":2,"minecraft:raw_iron":37,"minecraft:music_disc_13":1,"minecraft:sweet_berries":3,"iceandfire:silver_ore":1,"tombstone:grave_dust":1,"minecraft:spruce_log":3,"hexerei:sage_seed":1,"minecraft:arrow":4,"minecraft:hay_block":9,"minecraft:spruce_sign":1,"minecraft:coal":28,"minecraft:cobblestone":39},"minecraft:mined":{"iceandfire:silver_ore":1,"minecraft:crafting_table":2,"minecraft:cobblestone":1,"biomesoplenty:sprout":1,"minecraft:spawner":1,"minecraft:hay_block":9,"minecraft:furnace":2,"minecraft:sea_pickle":1,"minecraft:iron_ore":37,"minecraft:spruce_log":3,"biomesoplenty:fir_log":12,"minecraft:coal_ore":18,"minecraft:stone":38},"minecraft:killed_by":{"minecraft:zombie":1},"minecraft:used":{"minecraft:stone_pickaxe":82,"minecraft:shield":11,"minecraft:spruce_planks":1,"minecraft:wooden_pickaxe":9,"minecraft:spruce_sign":1,"minecraft:iron_chestplate":1,"minecraft:torch":2,"iceandfire:silver_ore":1,"minecraft:crafting_table":2,"minecraft:lantern":1,"minecraft:bread":7,"minecraft:iron_pickaxe":8,"minecraft:iron_helmet":1,"minecraft:iron_boots":1,"minecraft:stone_axe":37,"minecraft:cobblestone":7,"minecraft:sweet_berries":3,"minecraft:furnace":2,"tombstone:gift":1,"minecraft:sea_pickle":2,"minecraft:iron_leggings":1},"minecraft:custom":{"minecraft:interact_with_furnace":11,"minecraft:mob_kills":3,"minecraft:interact_with_crafting_table":8,"minecraft:open_barrel":4,"minecraft:damage_dealt_resisted":890,"minecraft:leave_game":1,"minecraft:time_since_death":19358,"minecraft:sleep_in_bed":1,"minecraft:climb_one_cm":400,"minecraft:time_since_rest":13847,"minecraft:waystone_activated":1,"minecraft:sprint_one_cm":43049,"minecraft:damage_taken":693,"minecraft:walk_one_cm":30184,"minecraft:damage_blocked_by_shield":280,"minecraft:drop":10,"minecraft:damage_dealt":1495,"minecraft:swim_one_cm":1158,"minecraft:fly_one_cm":44062,"minecraft:open_chest":2,"minecraft:crouch_one_cm":12230,"minecraft:play_time":25977,"tombstone:undead_killed":3,"minecraft:deaths":1,"minecraft:sneak_time":4502,"minecraft:walk_under_water_one_cm":616,"minecraft:jump":364,"minecraft:walk_on_water_one_cm":156,"minecraft:total_world_time":25977,"minecraft:fall_one_cm":11832},"minecraft:crafted":{"minecraft:crafting_table":1,"minecraft:spruce_planks":12,"minecraft:wooden_pickaxe":1,"minecraft:iron_helmet":1,"minecraft:furnace":2,"minecraft:stone_axe":1,"minecraft:bread":27,"minecraft:air":0,"biomesoplenty:fir_planks":48,"minecraft:iron_boots":1,"minecraft:iron_chestplate":1,"minecraft:shield":1,"minecraft:iron_axe":1,"minecraft:stick":16,"minecraft:iron_ingot":31,"minecraft:iron_pickaxe":1,"minecraft:stone_pickaxe":2,"minecraft:iron_leggings":1,"minecraft:torch":16,"minecraft:wheat":81}},"DataVersion":3120}