{"stats":{"minecraft:used":{"minecraft:stone_pickaxe":82,"minecraft:shield":31,"minecraft:spruce_planks":1,"minecraft:wooden_pickaxe":9,"biomesoplenty:fir_planks":5,"minecraft:spruce_sign":1,"minecraft:iron_chestplate":1,"minecraft:torch":11,"iceandfire:silver_ore":1,"minecraft:dirt":1,"minecraft:crafting_table":2,"minecraft:lantern":1,"minecraft:bread":27,"minecraft:iron_pickaxe":55,"minecraft:iron_helmet":1,"tombstone:grave_key":6,"minecraft:iron_boots":1,"create:asurine":1,"minecraft:stone_axe":74,"minecraft:cobblestone":20,"minecraft:sweet_berries":3,"minecraft:furnace":2,"tombstone:gift":3,"minecraft:sea_pickle":2,"minecraft:cobbled_deepslate":16,"minecraft:iron_leggings":1},"minecraft:crafted":{"minecraft:crafting_table":1,"minecraft:spruce_planks":12,"minecraft:wooden_pickaxe":1,"minecraft:iron_helmet":1,"minecraft:furnace":2,"minecraft:stone_axe":1,"minecraft:bread":27,"minecraft:air":0,"biomesoplenty:fir_planks":48,"minecraft:iron_boots":1,"minecraft:iron_chestplate":1,"minecraft:shield":1,"minecraft:iron_axe":1,"tombstone:grave_key":7,"minecraft:stick":16,"minecraft:iron_ingot":31,"minecraft:iron_pickaxe":1,"minecraft:stone_pickaxe":2,"minecraft:iron_leggings":1,"minecraft:torch":16,"minecraft:wheat":81},"minecraft:killed":{"minecraft:cave_spider":1,"minecraft:spider":1,"minecraft:skeleton":6,"minecraft:zombie":1,"iceandfire:ghost":2,"artifacts:mimic":1},"minecraft:killed_by":{"minecraft:cave_spider":1,"minecraft:skeleton":1,"minecraft:creeper":1,"minecraft:zombie":2,"iceandfire:ghost":2,"iceandfire:fire_dragon":1},"minecraft:mined":{"minecraft:tuff":4,"iceandfire:silver_ore":1,"minecraft:deepslate_diamond_ore":1,"minecraft:crafting_table":2,"biomesoplenty:bush":1,"minecraft:blast_furnace":1,"minecraft:grass_block":6,"minecraft:cobblestone":1,"biomesoplenty:sprout":3,"minecraft:lapis_ore":6,"minecraft:spawner":1,"supplementaries:urn":6,"minecraft:hay_block":9,"minecraft:furnace":2,"minecraft:sea_pickle":1,"minecraft:iron_ore":37,"biomesoplenty:lavender":2,"minecraft:lilac":3,"minecraft:spruce_log":3,"biomesoplenty:fir_log":12,"biomesoplenty:sea_oats":1,"create:asurine":1,"minecraft:grass":5,"minecraft:coal_ore":30,"minecraft:vine":1,"minecraft:sunflower":1,"minecraft:cracked_stone_bricks":1,"minecraft:stone":44,"minecraft:chipped_anvil":1,"minecraft:oak_leaves":3,"minecraft:deepslate":26},"minecraft:dropped":{"minecraft:iron_ingot":12,"minecraft:stone_axe":1,"hexerei:sage_seed":2,"minecraft:wheat_seeds":7,"minecraft:iron_nugget":12,"minecraft:lilac":2,"minecraft:wheat":7,"biomesoplenty:lavender":6,"minecraft:cracked_stone_bricks":1,"minecraft:flint":1,"minecraft:dirt":1,"supplementaries:ash":5,"mca:book_romance":2,"tombstone:grave_key":1,"tombstone:grave_dust":3,"minecraft:stone_pickaxe":2,"minecraft:wooden_pickaxe":1,"minecraft:iron_pickaxe":1,"biomesoplenty:tall_lavender":1},"minecraft:picked_up":{"biomesoplenty:lavender":2,"minecraft:crafting_table":2,"minecraft:wheat":7,"minecraft:lilac":2,"artifacts:digging_claws":1,"ars_nouveau:pierce_arrow":16,"biomesoplenty:fir_log":12,"paraglider:spirit_orb":2,"minecraft:flint":1,"minecraft:tuff":4,"minecraft:dirt":2,"mca:book_romance":1,"minecraft:lapis_lazuli":36,"minecraft:string":5,"minecraft:lantern":1,"minecraft:chipped_anvil":1,"minecraft:bone":14,"minecraft:sea_pickle":2,"minecraft:bow":1,"minecraft:cracked_stone_bricks":1,"minecraft:wheat_seeds":7,"minecraft:cobbled_deepslate":25,"minecraft:iron_ingot":12,"minecraft:stone_pickaxe":1,"minecraft:iron_nugget":12,"minecraft:furnace":2,"minecraft:raw_iron":37,"minecraft:sweet_berries":3,"minecraft:music_disc_13":1,"iceandfire:silver_ore":1,"minecraft:blast_furnace":1,"tombstone:grave_dust":1,"minecraft:spruce_log":3,"hexerei:sage_seed":2,"minecraft:arrow":10,"minecraft:diamond":1,"supplementaries:antique_ink":1,"minecraft:hay_block":9,"create:asurine":1,"minecraft:bread":5,"minecraft:spruce_sign":1,"supplementaries:ash":4,"minecraft:coal":39,"minecraft:cobblestone":45},"minecraft:custom":{"minecraft:interact_with_furnace":11,"minecraft:mob_kills":12,"minecraft:interact_with_crafting_table":8,"minecraft:open_barrel":7,"minecraft:damage_dealt_resisted":890,"minecraft:leave_game":3,"minecraft:time_since_death":4394,"minecraft:sleep_in_bed":1,"minecraft:climb_one_cm":499,"minecraft:time_since_rest":3963,"minecraft:waystone_activated":1,"minecraft:sprint_one_cm":166358,"minecraft:damage_taken":3127,"minecraft:walk_one_cm":81788,"minecraft:damage_blocked_by_shield":945,"minecraft:trigger_trapped_chest":1,"minecraft:drop":30,"minecraft:damage_dealt":3873,"minecraft:swim_one_cm":13092,"minecraft:fly_one_cm":213367,"minecraft:open_chest":13,"minecraft:crouch_one_cm":15216,"minecraft:play_time":60388,"tombstone:undead_killed":9,"minecraft:deaths":8,"minecraft:sneak_time":6008,"minecraft:walk_under_water_one_cm":3548,"minecraft:jump":1193,"minecraft:walk_on_water_one_cm":7966,"minecraft:total_world_time":60388,"minecraft:fall_one_cm":43938}},"DataVersion":3120}