{"stats":{"minecraft:dropped":{"hexerei:sage_seed":1,"mca:book_romance":1,"minecraft:wheat_seeds":1,"tombstone:grave_key":1,"tombstone:grave_dust":2,"minecraft:stone_pickaxe":1,"minecraft:wooden_pickaxe":1,"minecraft:flint":1},"minecraft:picked_up":{"minecraft:sweet_berries":3,"minecraft:flint":1,"tombstone:grave_dust":1,"minecraft:spruce_log":3,"mca:book_romance":1,"minecraft:lantern":1,"hexerei:sage_seed":1,"minecraft:sea_pickle":2,"minecraft:wheat_seeds":1,"minecraft:hay_block":9,"minecraft:stone_pickaxe":1,"minecraft:spruce_sign":1,"minecraft:cobblestone":9},"minecraft:mined":{"minecraft:hay_block":9,"minecraft:sea_pickle":1,"minecraft:spruce_log":3,"biomesoplenty:sprout":1,"minecraft:stone":9},"minecraft:killed_by":{"minecraft:zombie":1},"minecraft:used":{"minecraft:lantern":1,"minecraft:bread":1,"minecraft:stone_pickaxe":1,"minecraft:wooden_pickaxe":9,"minecraft:spruce_sign":1,"minecraft:sweet_berries":3,"minecraft:crafting_table":1,"tombstone:gift":1,"minecraft:sea_pickle":2},"minecraft:custom":{"minecraft:time_since_rest":1847,"minecraft:waystone_activated":1,"minecraft:sprint_one_cm":15824,"minecraft:damage_taken":300,"minecraft:walk_one_cm":14730,"minecraft:drop":9,"minecraft:damage_dealt":72,"minecraft:swim_one_cm":1158,"minecraft:interact_with_crafting_table":3,"minecraft:fly_one_cm":19470,"minecraft:open_barrel":1,"minecraft:open_chest":1,"minecraft:crouch_one_cm":2722,"minecraft:play_time":13977,"minecraft:deaths":1,"minecraft:sneak_time":924,"minecraft:walk_under_water_one_cm":616,"minecraft:jump":136,"minecraft:walk_on_water_one_cm":156,"minecraft:leave_game":1,"minecraft:time_since_death":7358,"minecraft:sleep_in_bed":1,"minecraft:total_world_time":13977,"minecraft:climb_one_cm":400,"minecraft:fall_one_cm":4654},"minecraft:crafted":{"minecraft:crafting_table":1,"minecraft:spruce_planks":12,"minecraft:stick":8,"minecraft:wooden_pickaxe":1,"minecraft:stone_pickaxe":2,"minecraft:stone_axe":1,"minecraft:bread":27,"minecraft:wheat":81}},"DataVersion":3120}