{"stats":{"minecraft:used":{"minecraft:stone_pickaxe":82,"minecraft:shield":26,"minecraft:spruce_planks":1,"minecraft:wooden_pickaxe":9,"biomesoplenty:fir_planks":5,"minecraft:spruce_sign":1,"minecraft:iron_chestplate":1,"minecraft:torch":4,"iceandfire:silver_ore":1,"minecraft:dirt":1,"minecraft:crafting_table":2,"minecraft:lantern":1,"minecraft:bread":23,"minecraft:iron_pickaxe":23,"minecraft:iron_helmet":1,"tombstone:grave_key":3,"minecraft:iron_boots":1,"create:asurine":1,"minecraft:stone_axe":69,"minecraft:cobblestone":14,"minecraft:sweet_berries":3,"minecraft:furnace":2,"tombstone:gift":3,"minecraft:sea_pickle":2,"minecraft:iron_leggings":1},"minecraft:crafted":{"minecraft:crafting_table":1,"minecraft:spruce_planks":12,"minecraft:wooden_pickaxe":1,"minecraft:iron_helmet":1,"minecraft:furnace":2,"minecraft:stone_axe":1,"minecraft:bread":27,"minecraft:air":0,"biomesoplenty:fir_planks":48,"minecraft:iron_boots":1,"minecraft:iron_chestplate":1,"minecraft:shield":1,"minecraft:iron_axe":1,"tombstone:grave_key":5,"minecraft:stick":16,"minecraft:iron_ingot":31,"minecraft:iron_pickaxe":1,"minecraft:stone_pickaxe":2,"minecraft:iron_leggings":1,"minecraft:torch":16,"minecraft:wheat":81},"minecraft:killed":{"minecraft:spider":1,"minecraft:skeleton":6,"iceandfire:ghost":2,"artifacts:mimic":1},"minecraft:killed_by":{"minecraft:skeleton":1,"minecraft:creeper":1,"minecraft:zombie":1,"iceandfire:ghost":2,"iceandfire:fire_dragon":1},"minecraft:mined":{"iceandfire:silver_ore":1,"minecraft:crafting_table":2,"biomesoplenty:bush":1,"minecraft:blast_furnace":1,"minecraft:grass_block":6,"minecraft:cobblestone":1,"biomesoplenty:sprout":3,"minecraft:lapis_ore":6,"minecraft:spawner":1,"supplementaries:urn":6,"minecraft:hay_block":9,"minecraft:furnace":2,"minecraft:sea_pickle":1,"minecraft:iron_ore":37,"biomesoplenty:lavender":2,"minecraft:lilac":3,"minecraft:spruce_log":3,"biomesoplenty:fir_log":12,"biomesoplenty:sea_oats":1,"create:asurine":1,"minecraft:grass":5,"minecraft:coal_ore":30,"minecraft:vine":1,"minecraft:sunflower":1,"minecraft:cracked_stone_bricks":1,"minecraft:stone":44,"minecraft:oak_leaves":3},"minecraft:dropped":{"minecraft:iron_ingot":12,"hexerei:sage_seed":2,"minecraft:wheat_seeds":7,"minecraft:iron_nugget":12,"minecraft:lilac":2,"minecraft:wheat":7,"biomesoplenty:lavender":6,"minecraft:cracked_stone_bricks":1,"minecraft:flint":1,"minecraft:dirt":1,"supplementaries:ash":4,"mca:book_romance":2,"tombstone:grave_key":1,"tombstone:grave_dust":3,"minecraft:stone_pickaxe":2,"minecraft:wooden_pickaxe":1,"minecraft:iron_pickaxe":1,"biomesoplenty:tall_lavender":1},"minecraft:picked_up":{"biomesoplenty:lavender":2,"minecraft:crafting_table":2,"minecraft:wheat":7,"minecraft:lilac":2,"artifacts:digging_claws":1,"ars_nouveau:pierce_arrow":16,"biomesoplenty:fir_log":12,"paraglider:spirit_orb":2,"minecraft:flint":1,"minecraft:dirt":2,"mca:book_romance":1,"minecraft:lapis_lazuli":36,"minecraft:string":4,"minecraft:lantern":1,"minecraft:bone":14,"minecraft:sea_pickle":2,"minecraft:bow":1,"minecraft:cracked_stone_bricks":1,"minecraft:wheat_seeds":7,"minecraft:iron_ingot":12,"minecraft:stone_pickaxe":1,"minecraft:iron_nugget":12,"minecraft:furnace":2,"minecraft:raw_iron":37,"minecraft:sweet_berries":3,"minecraft:music_disc_13":1,"iceandfire:silver_ore":1,"minecraft:blast_furnace":1,"tombstone:grave_dust":1,"minecraft:spruce_log":3,"hexerei:sage_seed":2,"minecraft:arrow":10,"supplementaries:antique_ink":1,"minecraft:hay_block":9,"create:asurine":1,"minecraft:spruce_sign":1,"supplementaries:ash":4,"minecraft:coal":39,"minecraft:cobblestone":45},"minecraft:custom":{"minecraft:interact_with_furnace":11,"minecraft:mob_kills":10,"minecraft:interact_with_crafting_table":8,"minecraft:open_barrel":6,"minecraft:damage_dealt_resisted":890,"minecraft:leave_game":2,"minecraft:time_since_death":4536,"minecraft:sleep_in_bed":1,"minecraft:climb_one_cm":499,"minecraft:time_since_rest":4048,"minecraft:waystone_activated":1,"minecraft:sprint_one_cm":134099,"minecraft:damage_taken":2499,"minecraft:walk_one_cm":67033,"minecraft:damage_blocked_by_shield":855,"minecraft:trigger_trapped_chest":1,"minecraft:drop":28,"minecraft:damage_dealt":3463,"minecraft:swim_one_cm":13092,"minecraft:fly_one_cm":199913,"minecraft:open_chest":12,"minecraft:crouch_one_cm":13747,"minecraft:play_time":49306,"tombstone:undead_killed":8,"minecraft:deaths":6,"minecraft:sneak_time":5095,"minecraft:walk_under_water_one_cm":3486,"minecraft:jump":1062,"minecraft:walk_on_water_one_cm":7354,"minecraft:total_world_time":49306,"minecraft:fall_one_cm":39404}},"DataVersion":3120}