{"stats":{"minecraft:dropped":{"minecraft:iron_ingot":12,"hexerei:sage_seed":1,"minecraft:wheat_seeds":7,"minecraft:lilac":2,"biomesoplenty:lavender":2,"minecraft:wheat":7,"minecraft:cracked_stone_bricks":1,"minecraft:flint":1,"mca:book_romance":2,"tombstone:grave_key":1,"tombstone:grave_dust":3,"minecraft:stone_pickaxe":2,"minecraft:wooden_pickaxe":1},"minecraft:killed":{"minecraft:spider":1,"minecraft:skeleton":3,"iceandfire:ghost":2},"minecraft:picked_up":{"biomesoplenty:lavender":2,"minecraft:crafting_table":2,"minecraft:wheat":7,"minecraft:lilac":2,"ars_nouveau:pierce_arrow":16,"biomesoplenty:fir_log":12,"paraglider:spirit_orb":2,"minecraft:flint":1,"mca:book_romance":1,"minecraft:dirt":1,"minecraft:string":4,"minecraft:lantern":1,"minecraft:bone":6,"minecraft:sea_pickle":2,"minecraft:cracked_stone_bricks":1,"minecraft:bow":1,"minecraft:wheat_seeds":7,"minecraft:iron_ingot":12,"minecraft:stone_pickaxe":1,"minecraft:furnace":2,"minecraft:raw_iron":37,"minecraft:music_disc_13":1,"minecraft:sweet_berries":3,"iceandfire:silver_ore":1,"tombstone:grave_dust":1,"minecraft:spruce_log":3,"hexerei:sage_seed":1,"minecraft:arrow":4,"minecraft:hay_block":9,"minecraft:spruce_sign":1,"minecraft:coal":39,"minecraft:cobblestone":39},"minecraft:mined":{"iceandfire:silver_ore":1,"minecraft:crafting_table":2,"biomesoplenty:bush":1,"minecraft:grass_block":1,"minecraft:cobblestone":1,"biomesoplenty:sprout":3,"minecraft:spawner":1,"minecraft:hay_block":9,"minecraft:furnace":2,"biomesoplenty:lavender":2,"minecraft:sea_pickle":1,"minecraft:iron_ore":37,"minecraft:lilac":3,"minecraft:spruce_log":3,"biomesoplenty:fir_log":12,"biomesoplenty:sea_oats":1,"minecraft:grass":4,"minecraft:coal_ore":30,"minecraft:vine":1,"minecraft:sunflower":1,"minecraft:cracked_stone_bricks":1,"minecraft:stone":38,"minecraft:oak_leaves":3},"minecraft:killed_by":{"minecraft:creeper":1,"minecraft:zombie":1,"iceandfire:ghost":2,"iceandfire:fire_dragon":1},"minecraft:used":{"minecraft:stone_pickaxe":82,"minecraft:shield":13,"minecraft:spruce_planks":1,"minecraft:wooden_pickaxe":9,"biomesoplenty:fir_planks":5,"minecraft:spruce_sign":1,"minecraft:iron_chestplate":1,"minecraft:torch":4,"iceandfire:silver_ore":1,"minecraft:dirt":1,"minecraft:crafting_table":2,"minecraft:lantern":1,"minecraft:bread":14,"minecraft:iron_pickaxe":21,"minecraft:iron_helmet":1,"tombstone:grave_key":3,"minecraft:iron_boots":1,"minecraft:stone_axe":49,"minecraft:cobblestone":14,"minecraft:sweet_berries":3,"minecraft:furnace":2,"tombstone:gift":3,"minecraft:sea_pickle":2,"minecraft:iron_leggings":1},"minecraft:custom":{"minecraft:interact_with_furnace":11,"minecraft:mob_kills":6,"minecraft:interact_with_crafting_table":8,"minecraft:open_barrel":5,"minecraft:damage_dealt_resisted":890,"minecraft:leave_game":1,"minecraft:time_since_death":793,"minecraft:sleep_in_bed":1,"minecraft:climb_one_cm":499,"minecraft:time_since_rest":330,"minecraft:waystone_activated":1,"minecraft:sprint_one_cm":105973,"minecraft:damage_taken":1798,"minecraft:walk_one_cm":47429,"minecraft:trigger_trapped_chest":1,"minecraft:damage_blocked_by_shield":325,"minecraft:drop":21,"minecraft:damage_dealt":2245,"minecraft:swim_one_cm":4919,"minecraft:fly_one_cm":138049,"minecraft:open_chest":12,"minecraft:crouch_one_cm":12940,"minecraft:play_time":37977,"tombstone:undead_killed":5,"minecraft:deaths":5,"minecraft:sneak_time":4780,"minecraft:walk_under_water_one_cm":1287,"minecraft:jump":784,"minecraft:walk_on_water_one_cm":704,"minecraft:total_world_time":37977,"minecraft:fall_one_cm":27817},"minecraft:crafted":{"minecraft:crafting_table":1,"minecraft:spruce_planks":12,"minecraft:wooden_pickaxe":1,"minecraft:iron_helmet":1,"minecraft:furnace":2,"minecraft:stone_axe":1,"minecraft:bread":27,"minecraft:air":0,"biomesoplenty:fir_planks":48,"minecraft:iron_boots":1,"minecraft:iron_chestplate":1,"minecraft:shield":1,"tombstone:grave_key":4,"minecraft:iron_axe":1,"minecraft:stick":16,"minecraft:iron_ingot":31,"minecraft:iron_pickaxe":1,"minecraft:stone_pickaxe":2,"minecraft:iron_leggings":1,"minecraft:torch":16,"minecraft:wheat":81}},"DataVersion":3120}